,p,m1,m2,m3,m4,s,t,m1_std,m2_std,m3_std,m4_std,s_std,t_std
0,0.00390625,0.09,0.0081,0.000729,6.561e-05,5.1391941392,71.068,0.0,0.0,0.0,0.0,0.0,69.55513851106399
1,0.0078125,0.0893433333343,0.0080004555556,0.0007174982596,6.441125970000001e-05,5.130528148765899,102.257,0.0042711341572145844,0.0006359049896569809,7.233494797585355e-05,7.440053855358614e-06,0.032398452337346055,94.69256376628861
2,0.01171875,0.0881266666694,0.0078172888887,0.0006964636314,6.223040170000001e-05,5.1180603574268995,138.643,0.007143566444182486,0.0010590176664766388,0.00011992854404252476,1.228055886183142e-05,0.06060022654444207,113.51951475949512
3,0.015625,0.0871133333375,0.007662222221799999,0.0006783797072000001,6.032850510000001e-05,5.1040779651645,183.156,0.008576884083004473,0.0012729796821191112,0.00014433388423755166,1.4797599961967438e-05,0.0776050095986878,125.403315967544
4,0.01953125,0.0864300000052,0.0075560333327999996,0.0006658125596000001,5.8988700400000006e-05,5.0911219786619,221.529,0.009272238542339566,0.0013773011070735326,0.0001563611182515912,1.6056150834029474e-05,0.08834835073450775,139.7259335109109
5,0.0234375,0.0856733333392,0.007440155554499999,0.0006522708199,5.7560325500000005e-05,5.0771147726526,260.707,0.010016778264470352,0.0014854689854314899,0.0001684339931010958,1.7280201445090363e-05,0.10397753271085779,151.78516359277967
6,0.02734375,0.0845433333403,0.0072689444431,0.0006324869316,5.5497524e-05,5.061778592953,300.661,0.011022283061463618,0.001631757909384611,0.00018475129697464375,1.8930378260709894e-05,0.11773434670016925,162.0284706596476
7,0.03125,0.0835766666744,0.0071219222205,0.0006154304138999999,5.3711834300000004e-05,5.0469828919109005,339.016,0.011704700378692702,0.0017300438189136247,0.00019561068252971306,2.0019369346089523e-05,0.1282852366603683,170.32648900525388
8,0.03515625,0.0825933333416,0.006973355553399999,0.0005983014888,5.19291806e-05,5.0303119467016,381.498,0.012322690167901553,0.0018179103650191564,0.00020523230534428443,2.0977407329220645e-05,0.13854698901907916,178.30895681395293
9,0.0390625,0.0815166666755,0.0068120555531,0.0005798475266,5.00219052e-05,5.0183430134056,420.358,0.01293274397849708,0.0019030045590503807,0.00021436702110775482,2.186944537111248e-05,0.1440897672510788,187.8328592632797
10,0.04296875,0.08076000000889999,0.0066971333306,0.0005665344529,4.8630431100000004e-05,4.9986714210845005,463.682,0.013233701826492264,0.0019448957819475415,0.0002188642489489848,2.2309928265121727e-05,0.15307926815720743,199.20988292113788
11,0.046875,0.0800666666755,0.0065931333301,0.0005545725274000001,4.7383705800000005e-05,4.9783343806156,504.328,0.013514616789462091,0.001979448663018533,0.00022212667529767128,2.2590471447121897e-05,0.1627216283761257,207.82496874445496
12,0.05078125,0.07927333334230001,0.0064747555515,0.0005410777128000001,4.59932604e-05,4.9608193164986,545.477,0.013808868981210542,0.002018632120741589,0.00022611307678950217,2.2956897153049386e-05,0.17062554912364897,217.6977900641134
13,0.0546875,0.0785433333427,0.0063653222180000005,0.0005285282685,4.46917159e-05,4.9388579127459,587.786,0.01401654288683387,0.0020441543552199674,0.00022852460595660021,2.316465939569707e-05,0.1791212480589237,230.38299096618778
14,0.05859375,0.0776233333424,0.0062310555505,0.0005135176019,4.31713647e-05,4.9163783772816,628.605,0.014348503659116722,0.002085584011400294,0.00023249315001457952,2.3509682976885043e-05,0.19108926654092312,237.02845285421418
15,0.0625,0.07671000000889999,0.006096655550399999,0.0004983794537999999,4.1627930700000005e-05,4.9006892582649,671.881,0.014575455375152648,0.0021126250241210592,0.00023494479188805725,2.370990380655314e-05,0.19662500829320487,251.48767940376695
16,0.06640625,0.0760066666758,0.005992533327999999,0.0004865671949,4.0413707200000005e-05,4.8809164540399,713.099,0.014687943736220035,0.0021231482987233963,0.00023553171500534267,2.37168834846122e-05,0.2030131339024987,256.06545005860073
17,0.0703125,0.0751700000085,0.005871588882899999,0.00047313389849999997,3.9058387399999996e-05,4.8618978226145,760.261,0.014875525877808906,0.0021418258345701196,0.0002367986964221055,2.3775254455206832e-05,0.2102171770224436,264.9932004321531
18,0.07421875,0.07448000000810001,0.0057701555494,0.0004616993431,3.78901594e-05,4.8415191578503,809.768,0.014936809023784652,0.0021447759130703847,0.00023657967505996314,2.3707043295816166e-05,0.21407458983896288,274.26781621439125
19,0.078125,0.0737333333415,0.0056597777715,0.00044923526930000003,3.6618214500000004e-05,4.8152447589706995,854.336,0.014946462125406111,0.002142362965672773,0.00023592756581628717,2.3606697130339587e-05,0.22248290910040314,285.42021617923956
20,0.08203125,0.0731000000076,0.005567822215899999,0.0004389502321,3.5572009200000006e-05,4.7905760380224,899.325,0.014981210194536496,0.002139144703019884,0.000234842131481398,2.3439131738326855e-05,0.22741614184905176,291.02305027401303
21,0.0859375,0.0724133333406,0.0054693333266,0.0004281086023,3.4488851299999995e-05,4.7669709441456,946.003,0.015028917368429507,0.0021400521269478033,0.0002343702924063759,2.3342195129081226e-05,0.23296773844859756,297.96323444358046
22,0.08984375,0.0715600000067,0.0053493999926,0.0004151402322,3.32129398e-05,4.7467290971073,988.994,0.015125977497306136,0.0021451013129033477,0.00023407572064933227,2.3237984723808993e-05,0.23756115119910465,300.3749408140916
23,0.09375,0.07094000000619999,0.005259088881299999,0.00040504778790000003,3.2190717e-05,4.7212459327443,1038.357,0.015060946885168486,0.0021300791353250216,0.0002319236388145854,2.2982082687082717e-05,0.2439484705033775,305.12968009138757
24,0.09765625,0.07016000000629999,0.005145199992200001,0.00039230800999999997,3.08999525e-05,4.6990673623645,1084.867,0.014933097383712972,0.002105065175912074,0.00022852790637858643,2.2586630883432305e-05,0.24527945253220235,310.19081490697397
25,0.1015625,0.06935333333930001,0.0050319777693,0.0003800803794,2.96981826e-05,4.6735503815881,1132.488,0.014910239725755843,0.002093265851428064,0.0002264014227426139,2.2302261656905325e-05,0.24992622215351037,319.5526274930901
26,0.10546875,0.06862000000599999,0.004931311102799999,0.0003694220086,2.8669149800000003e-05,4.6483427959231,1181.448,0.014927476033951387,0.002087025233081595,0.00022495178297480224,2.2096554778072545e-05,0.2488420997930404,328.4517435542759
27,0.109375,0.0678633333395,0.0048242333248,0.0003577571565,2.75133143e-05,4.6213179954854,1226.692,0.014799335886042628,0.0020601770115008917,0.0002212369282850058,2.166346192172385e-05,0.2523316733533684,334.9882240411535
28,0.11328125,0.0672600000058,0.0047419777685,0.00034913956419999997,2.66920787e-05,4.594231488331601,1277.736,0.014774588533819924,0.0020518122475982944,0.00021985168484319067,2.1483500640569024e-05,0.2564951431194791,345.88793093249825
29,0.1171875,0.0666133333391,0.004653022212899999,0.0003397099341,2.57811476e-05,4.5686837341408,1324.427,0.014693602229526277,0.0020333875812861514,0.00021719637570835132,2.1164981245250038e-05,0.2586017769354699,350.3036130163266
30,0.12109375,0.0658833333391,0.0045561888801,0.0003297869335,2.48515332e-05,4.539271745678899,1374.673,0.014689828757354497,0.002024048434350135,0.00021539298173936327,2.0922578550591787e-05,0.262365740894303,358.76009655182935
31,0.125,0.0653533333392,0.004482822213199999,0.00032199948899999995,2.4101338400000003e-05,4.5134849505622,1421.121,0.014559396297296441,0.0020024116996383598,0.0002127315884512978,2.0631949710931353e-05,0.26222662900540844,364.23371144850876
32,0.12890625,0.0647733333391,0.004408911102300001,0.00031471393339999997,2.3444084399999997e-05,4.4858228435574,1468.26,0.014613005851686138,0.0020023977179935946,0.00021215258852222389,2.0533402171829857e-05,0.26195578194294433,369.7217393724159
33,0.1328125,0.0643833333387,0.0043556333243,0.0003090940442,2.29031991e-05,4.459718794373599,1520.234,0.014513109682277753,0.0019838328455222655,0.00020975377560421044,2.0266484058680484e-05,0.26345992808273433,375.93485107962016
34,0.13671875,0.0639266666719,0.0042933777685,0.00030253319219999996,2.22710364e-05,4.4336543409315,1567.744,0.014386314079133064,0.001960047219281592,0.00020658503745759555,1.9900553795394182e-05,0.2642993344417434,384.3187861572648
35,0.140625,0.0633366666714,0.0042142111019,0.0002942597469,2.14761465e-05,4.4112064884837,1619.171,0.014243617777502394,0.00192880560441883,0.00020220518464098854,1.9386789549368384e-05,0.2647572993535517,391.7313712561535
36,0.14453125,0.0626300000047,0.0041210111023,0.0002847327834,2.0584373e-05,4.3815926501225,1666.032,0.014095847051014203,0.0018987483748393434,0.00019821639087779327,1.894027336309854e-05,0.2655652445312894,397.5855923939893
37,0.1484375,0.062266666671000004,0.0040742888801,0.0002800451907,2.01508613e-05,4.3540539562692,1717.278,0.014048076723926665,0.0018853608751659586,0.00019622694544630819,1.8703928593272466e-05,0.26342294859717974,408.85856973536255
38,0.15234375,0.0615300000043,0.0039759888801000004,0.000269900561,1.91936771e-05,4.3278422414227995,1765.535,0.013792687453737322,0.0018408090208912264,0.00019064932052616554,1.8093287388070553e-05,0.2640718750187688,409.595406678557
39,0.15625,0.061050000003900005,0.0039146111026,0.0002638250048,1.86425714e-05,4.3025066898884,1814.757,0.013700230198730136,0.0018225566656891953,0.00018823321082777895,1.7821835265268396e-05,0.26495664017814863,410.56962548192473
40,0.16015625,0.0605633333369,0.0038515666583,0.00025744804179999995,1.80485996e-05,4.273997436489,1870.797,0.013558508599780458,0.0017936697287244173,0.0001844413676954311,1.7403160173100477e-05,0.26629667394936857,419.7725274071253
41,0.1640625,0.0602833333364,0.0038182999917,0.00025436359720000003,1.7784360400000002e-05,4.2456169282019,1921.833,0.013579548093594435,0.0017911319426373957,0.0001837887405854679,1.7315481353594485e-05,0.2677897876317527,427.8116219726796
42,0.16796875,0.0595633333363,0.0037253444363999997,0.0002450473749,1.6927551e-05,4.2196903330652,1975.688,0.013331597737828677,0.0017471154562573009,0.0001782771066308072,1.6715256565926343e-05,0.26949765923037017,438.8977852779872
43,0.171875,0.0588566666692,0.00363607777,0.0002362681894,1.61322642e-05,4.1945404882577,2030.476,0.013120316667584469,0.0017070785214342865,0.0001730546853248259,1.6128424806677894e-05,0.26780904085942075,442.5486354274732
44,0.17578125,0.0583433333357,0.0035735444371,0.00023034737419999997,1.5616318900000002e-05,4.164653839487,2083.72,0.01302956905460428,0.0016878828255103167,0.0001705040759939624,1.584601905834428e-05,0.26407236991369865,449.4989531788799
45,0.1796875,0.0578566666687,0.0035130555486000002,0.0002245164107,1.51004569e-05,4.1395472182679995,2140.652,0.012877402896161409,0.0016618242910949178,0.00016736225265353763,1.5518004725515243e-05,0.2664163422685361,460.66741078500377
46,0.18359375,0.0572833333355,0.0034391444376,0.00021712292889999998,1.4422639900000001e-05,4.1137597985002,2199.553,0.012566705568036407,0.0016116835526261667,0.0001614917417641355,1.4913204338655879e-05,0.2636232163548529,469.97260924913974
47,0.1875,0.0567233333353,0.0033712333272,0.00021069381739999998,1.38600969e-05,4.0873433335045,2249.948,0.012403654283746427,0.0015803105188501097,0.00015744078745707907,1.4467878918358995e-05,0.26300923436252716,475.4845305946708
48,0.19140625,0.056123333335200004,0.0032974555498,0.00020361226169999998,1.32333612e-05,4.0643606444163005,2310.212,0.012156265296728155,0.0015370465848879044,0.00015222633666722265,1.3927542701854705e-05,0.2580334944717099,482.23728169009485
49,0.1953125,0.055753333335100005,0.0032542444389,0.00019967237269999998,1.29010839e-05,4.0393170998989,2367.341,0.012081234330497771,0.0015209510379277928,0.00015010444304060946,1.369469007787105e-05,0.2582315968293091,487.6042500057026
50,0.19921875,0.0553366666681,0.0032035444391,0.000194855743,1.24784522e-05,4.0097306954951,2423.783,0.01189702929392458,0.001489286794904144,0.00014624705107819618,1.328454610087004e-05,0.2547321252293798,489.15757486115245
51,0.203125,0.054893333335,0.0031521111061,0.0001902074837,1.20910757e-05,3.9839728550844002,2480.045,0.0117886402415862,0.0014688196746327452,0.00014375732035431483,1.3029706546792015e-05,0.25367943141590543,497.5509883026674
52,0.20703125,0.054356666668300004,0.0030867666622,0.0001840008537,1.1547340200000001e-05,3.9599654920954,2541.042,0.01150007422964207,0.001421701833825877,0.0001382427756252791,1.246771627469001e-05,0.25130888793890277,499.34128404724777
53,0.2109375,0.053910000001600004,0.0030360777735,0.0001794985573,1.1176314600000001e-05,3.9365648441791,2599.856,0.011398227818500823,0.0014001821769009221,0.0001354531387522856,1.2167319277280516e-05,0.249767662959561,508.34626898718665
54,0.21484375,0.053486666668,0.0029877333294,0.0001752145197,1.0826892799999999e-05,3.9123339092306,2658.934,0.011271062909032008,0.0013792200920006476,0.00013301102529845855,1.19195638866519e-05,0.24837777313327547,515.5273689263371
55,0.21875,0.053053333334900005,0.0029403555517000003,0.00017112992729999998,1.0497612e-05,3.8848736954011,2720.325,0.011217183380514542,0.0013615354487001175,0.00013047083566238889,1.1633971617432766e-05,0.24683442796953364,522.0791300109522
56,0.22265625,0.0525566666679,0.0028836999961999996,0.0001660292975,1.0068297800000001e-05,3.8572590182859,2778.139,0.011028073598921023,0.0013245114127674654,0.00012567946891999752,1.110531247665184e-05,0.2444675026900907,525.918937106668
57,0.2265625,0.052116666668500004,0.002837855552,0.0001623226306,9.7921202e-06,3.8289796660551003,2836.531,0.011037682798839925,0.0013192575934431554,0.00012476573032995964,1.1002696678514383e-05,0.24115945814547493,529.6862945268734
58,0.23046875,0.0517000000024,0.0027935333301999997,0.0001586766672,9.517132500000001e-06,3.8036001886528004,2902.536,0.010989271925198342,0.0013095890832473024,0.0001236524944378383,1.089859658584879e-05,0.23988477882576117,543.1218758953427
59,0.234375,0.0511333333354,0.0027278222196,0.0001526563708,9.0023113e-06,3.7803939389358003,2963.997,0.01064508159703452,0.001250146121815495,0.00011646214557231828,1.0145882199852092e-05,0.23726221867967787,549.8604964502872
60,0.23828125,0.050816666669,0.0026919666647,0.00014945974119999998,8.735804200000001e-06,3.7523194624181,3024.207,0.010475819699039202,0.001220907889530851,0.00011276192174607554,9.73048339952085e-06,0.2326542340832407,556.1750829315116
61,0.2421875,0.0503100000019,0.0026388777755,0.00014513922269999998,8.4118882e-06,3.7272343890386,3089.533,0.010386990293169364,0.0012040215664266129,0.00011083219235386497,9.55187632882786e-06,0.23206081460463437,568.7774491817491
62,0.24609375,0.050000000001700004,0.002605244442,0.0001422837784,8.1870462e-06,3.7020910873951003,3158.806,0.010264004785094885,0.0011837038816207442,0.00010852283620041676,9.325766100334266e-06,0.22920925134721204,577.2116229093289
63,0.25,0.049550000001900005,0.0025586999978,0.000138452556,7.8879599e-06,3.6749819406341997,3224.908,0.01017846260991699,0.0011586038855359053,0.00010479681811686682,8.879803287199627e-06,0.2255395601907119,587.2763668555607
64,0.25390625,0.0490933333349,0.0025108444417000003,0.0001345105932,7.585123e-06,3.6483240632003997,3284.955,0.010039415148327738,0.0011322860171408898,0.00010160719209722375,8.551983182268357e-06,0.2227145768935225,593.8268394829338
65,0.2578125,0.0486433333349,0.0024610999979,0.0001302069262,7.2397134e-06,3.6242154321376003,3352.181,0.009747878915974506,0.001088067574192907,9.66507142984504e-05,8.056811137277716e-06,0.2171125336533991,606.4782206073608
66,0.26171875,0.048256666668,0.0024212111089,0.0001269688521,6.9950389e-06,3.5990795476407,3416.464,0.009622776686326814,0.0010648552557638064,9.402789662738607e-05,7.813548801819515e-06,0.21366368985715886,616.453711061813
67,0.265625,0.0478233333346,0.002377811109,0.0001235815926,6.7500841e-06,3.5748819467766,3483.396,0.009530515763658681,0.0010474744641635408,9.193724373403995e-05,7.598327506232483e-06,0.21285455899848738,624.0878791202924
68,0.26953125,0.0475100000013,0.002347433331,0.00012124722200000001,6.5804326e-06,3.5523382216712,3555.276,0.009503870626821759,0.0010349238806820961,9.00351806148845e-05,7.380854329729995e-06,0.21131498247582536,631.6022254514269
69,0.2734375,0.047283333335000004,0.0023248333308000003,0.0001194791478,6.4517264e-06,3.5274652199022,3627.702,0.009445047969443544,0.0010236853050769037,8.875046614092848e-05,7.261441940374964e-06,0.20904528951819212,640.6891694166587
70,0.27734375,0.0469000000014,0.0022868222198,0.0001165131109,6.235289e-06,3.5053714436282997,3698.576,0.009343421308111149,0.0010033680335643509,8.62623195919665e-05,7.0056042148164234e-06,0.2071435267391668,646.2023070568889
71,0.28125,0.0465900000017,0.0022572111083,0.00011431944410000001,6.085510900000001e-06,3.4830389067921,3764.937,0.0093096552453857,0.0009957450209604035,8.536547614112422e-05,6.923243636487261e-06,0.20503409543542847,651.9333709445707
72,0.28515625,0.04626333333530001,0.0022266333303,0.0001121004809,5.9368643e-06,3.4586025871848003,3835.958,0.009296437272321665,0.0009899273581690643,8.452921762929827e-05,6.829997800772269e-06,0.2017069083359005,652.504616466819
73,0.2890625,0.0459500000021,0.0021986777744000003,0.00011013366599999999,5.8064071e-06,3.4342184823545,3907.602,0.009346798403961824,0.000986511110319131,8.359771590714637e-05,6.711116383297917e-06,0.19913991441450904,660.5125967659411
74,0.29296875,0.0455766666691,0.002164055552,0.0001076332956,5.6393334e-06,3.4101197450478,3979.307,0.009322549062347706,0.0009783466012836684,8.256683713435105e-05,6.610923304883177e-06,0.198647194366826,663.3923878152447
75,0.296875,0.045170000003,0.0021215444407000003,0.0001041583323,5.3767764e-06,3.3901145549907,4050.358,0.009016476100921062,0.0009363281733557349,7.843919309445401e-05,6.262118150596899e-06,0.19730422085041668,670.5189240159173
76,0.30078125,0.044803333336,0.0020855444407000003,0.00010141136909999999,5.1837586e-06,3.3672152557597,4122.067,0.008847827457303151,0.0009138414884912781,7.633838461247231e-05,6.094736314050338e-06,0.19454150556844424,680.3149807140688
77,0.3046875,0.0444000000028,0.0020470444401,9.84682207e-05,4.9691143e-06,3.3436230426586997,4194.224,0.008704033814362,0.0008828993551903118,7.232354706137647e-05,5.663142860957079e-06,0.1931132206870303,689.0883750380734
78,0.30859375,0.0439600000028,0.0020045777733,9.52428873e-05,4.7401503e-06,3.3239478718383997,4268.712,0.008495195471882036,0.00085002911519178,6.870956040282023e-05,5.316107762075362e-06,0.18929594287323342,702.4044141497245
79,0.3125,0.0436366666693,0.0019734111064,9.286173899999999e-05,4.5684695e-06,3.3023629777648997,4337.151,0.008325968716753843,0.000821462897427489,6.532803185895673e-05,4.9719890398241924e-06,0.18598236207896124,709.9046208961943
80,0.31640625,0.043256666669499996,0.0019400333285,9.06035169e-05,4.4291308999999995e-06,3.2804828704251,4415.351,0.008304401561525239,0.0008161350225034833,6.481262108964917e-05,4.9354528394672955e-06,0.1845819594836844,714.156252476972
81,0.3203125,0.0428733333365,0.0019049555504,8.81081465e-05,4.265490600000001e-06,3.2589366983391,4492.928,0.008179226379675051,0.0007982988932942806,6.312609572145834e-05,4.802241289924766e-06,0.1818137764107799,725.6755030671434
82,0.32421875,0.0425366666701,0.0018765888834,8.62628499e-05,4.155438e-06,3.2371911319621,4575.052,0.008202936421053299,0.0007965520604435628,6.277968960149017e-05,4.768829380109193e-06,0.17930667671539388,730.4448171675447
83,0.328125,0.0422266666695,0.00185015555,8.45191834e-05,4.0500675e-06,3.2169313486706,4648.606,0.008193369824017593,0.0007922296729447852,6.233468474867458e-05,4.737192397947216e-06,0.1756121268170502,741.7909210380881
84,0.33203125,0.0418966666698,0.0018205888829,8.24161835e-05,3.908339e-06,3.195713297672,4732.105,0.008082297608730067,0.0007709719733157591,5.974778059912886e-05,4.471495212037054e-06,0.17583965820013833,748.4440610276014
85,0.3359375,0.0414833333364,0.0017863222155000001,8.01855909e-05,3.7716192e-06,3.1728180910656003,4802.986,0.008094491866127627,0.0007624050552020508,5.820059542870829e-05,4.275420970927893e-06,0.17265208710298927,754.8229524156596
86,0.33984375,0.041113333336,0.0017539777711,7.79290352e-05,3.6227447e-06,3.1506744161883,4882.742,0.00798344132099889,0.0007395006198926086,5.5652389229171594e-05,4.049921383879883e-06,0.17054570907239192,766.3163212017215
87,0.34375,0.0408100000025,0.0017278555489,7.61832205e-05,3.5156233e-06,3.1277018594909,4963.946,0.007903285232686278,0.0007284757024936492,5.471334927453525e-05,3.984808291738639e-06,0.16634716098127306,780.0627237196608
88,0.34765625,0.0403933333357,0.0016914666598999999,7.36970351e-05,3.358317e-06,3.1076076317559,5046.025,0.00773984457723626,0.0007055230180087131,5.262905918435243e-05,3.828941493696809e-06,0.16432295509530973,781.7245356419523
89,0.3515625,0.0400400000023,0.0016626222149,7.1857776e-05,3.2490352e-06,3.0859509693916998,5130.189,0.007712334426741603,0.0006965737837007171,5.142887066619592e-05,3.69116238159313e-06,0.16256941344118522,792.3476661813946
90,0.35546875,0.039693333335799996,0.0016324666586,6.977925759999999e-05,3.1133495000000003e-06,3.0640279055247,5222.386,0.007547378250283641,0.000669968463382572,4.832383657911188e-05,3.368585916448659e-06,0.15967715899387247,811.3509187258728
91,0.359375,0.0394933333357,0.0016175777695,6.89330351e-05,3.0698337e-06,3.0430498408114,5314.243,0.007610013948331708,0.0006735990105974334,4.847909723346107e-05,3.374463200870375e-06,0.15805553559085173,815.9454399112187
92,0.36328125,0.039153333335,0.0015890666584,6.70381457e-05,2.9511474e-06,3.022761379827,5406.63,0.007492616021739478,0.0006530284628405749,4.624135939266083e-05,3.1695622604953487e-06,0.15508271163565732,823.9979209158683
93,0.3671875,0.0388500000018,0.0015646555467,6.551899760000001e-05,2.864395e-06,3.0018617692848,5494.156,0.007442341297999818,0.00064549945304688,4.556648504929187e-05,3.121456134052155e-06,0.15255672984291385,831.7104844800226
94,0.37109375,0.038563333335099995,0.0015430555469,6.42580348e-05,2.7968129e-06,2.9812019317215,5582.959,0.007482035727953806,0.0006451460498205717,4.5390639569720986e-05,3.1069160731647187e-06,0.1502798224975745,842.3589959138549
95,0.375,0.0382400000019,0.0015177333242999999,6.27135536e-05,2.7097821e-06,2.9608842973895997,5668.168,0.007449243220124706,0.0006377137913690647,4.46631890315949e-05,3.0539702333250767e-06,0.14819942666051722,850.8156586835134
96,0.37890625,0.0378666666692,0.0014873777686,6.07918499e-05,2.5977841000000003e-06,2.9415701632533002,5763.82,0.007317573383037311,0.0006211939115279059,4.3350940497845154e-05,2.970054463152364e-06,0.1460310842120789,868.0179080460774
97,0.3828125,0.0376266666699,0.001468844435,5.96860721e-05,2.5372317000000003e-06,2.9226974368115997,5857.743,0.007289137914824591,0.000616532371545152,4.292420919750163e-05,2.9395790729032875e-06,0.14612267687560865,877.7926388776959
98,0.38671875,0.037300000003,0.0014428888793,5.80266649e-05,2.4349331000000004e-06,2.9024047560403,5956.063,0.007186830972926184,0.0005944428535557243,4.013764204388045e-05,2.647015949201992e-06,0.14354819696350227,887.999135977337
99,0.390625,0.037010000002600005,0.0014216111013999999,5.68314425e-05,2.3740367e-06,2.8829492274237,6051.844,0.007205757007455042,0.0005944875043646151,4.00859526197744e-05,2.643006410671373e-06,0.14258981230172924,892.105415147636
100,0.39453125,0.0366466666693,0.0013932222124,5.5096739e-05,2.2756061e-06,2.8634262238612,6146.231,0.00709185016647828,0.0005786845915026218,3.867406369608434e-05,2.539731647965287e-06,0.14091436620210454,900.508102396353
101,0.3984375,0.0362866666691,0.0013663333232,5.3547627799999995e-05,2.1939140999999998e-06,2.8440700885613,6239.386,0.007047043094376614,0.0005721685943142021,3.812220164074267e-05,2.5024212650149018e-06,0.13783004851160974,903.6610793601495
102,0.40234375,0.0360666666691,0.0013503333229000001,5.2630294699999995e-05,2.1447156e-06,2.8261575914536,6337.821,0.007041197864051621,0.0005671325337902908,3.757104145105426e-05,2.4603849929411717e-06,0.13541714571823518,916.5573797582942
103,0.40625,0.0356566666692,0.0013184777668,5.06981834e-05,2.036463e-06,2.8073410867661,6432.26,0.00686491274774498,0.0005462410649627873,3.594243012450881e-05,2.3571386640655293e-06,0.1331291308804082,927.125157385699
104,0.41015625,0.035440000002700006,0.0013028222110000002,4.98226649e-05,1.9915352e-06,2.7877694298091003,6534.889,0.006846568317690053,0.0005426649887122426,3.5638140482996635e-05,2.3383413606742706e-06,0.13093187068766424,937.8404199715068
105,0.4140625,0.035180000002699996,0.0012839110996000001,4.87459984e-05,1.9339655000000002e-06,2.7701448236821,6635.572,0.00680624978661093,0.0005346255766819619,3.4626098669985956e-05,2.2234722893486313e-06,0.12827236147851193,947.8825455382837
106,0.41796875,0.0349033333361,0.0012640777659,4.76375912e-05,1.8761426e-06,2.7501063577782,6737.708,0.006773550102147242,0.0005277584591330362,3.378696131002503e-05,2.133589594144451e-06,0.1249735059048667,954.7496601987609
107,0.421875,0.0346466666696,0.0012458444324,4.6632072999999996e-05,1.825137e-06,2.7325147664265,6844.639,0.006745252535990895,0.0005227642276977012,3.3379854398323304e-05,2.109290528135723e-06,0.12344827084190658,966.5736533272081
108,0.42578125,0.0343200000032,0.0012228444323,4.53731105e-05,1.7615528e-06,2.7129874276978,6945.18,0.006710221421291819,0.000516208316377035,3.2805046409696536e-05,2.071081052546805e-06,0.12293972159745459,983.917391366283
109,0.4296875,0.0339466666698,0.0011964888763,4.39038517e-05,1.6844912e-06,2.6948338785073003,7057.297,0.006645063429638433,0.0005031489436590104,3.1500112818699356e-05,1.969087900186587e-06,0.12080385414544334,995.6679986594698
110,0.43359375,0.033653333336099996,0.0011772222097,4.29365926e-05,1.6405295e-06,2.6767460526778,7159.312,0.006687308717488766,0.0005049078244260392,3.155199613338791e-05,1.9705019267341535e-06,0.11802585630317317,1002.5562765968521
111,0.4375,0.0333866666693,0.0011578444319,4.1796741e-05,1.5755855e-06,2.6565413820929002,7261.404,0.0065740513758336325,0.000484991134622871,2.931647812993337e-05,1.758427287733558e-06,0.1165163518032868,1015.4927140241994
112,0.44140625,0.033153333336000006,0.0011412666538,4.08563708e-05,1.5242221e-06,2.6377959121099,7363.469,0.0064934829548522,0.00047111976621556765,2.7582834486693845e-05,1.5595709843790085e-06,0.11274301226522206,1018.4443843445762
113,0.4453125,0.0328200000018,0.0011178444317,3.9566667e-05,1.4583104000000001e-06,2.6206457217812997,7470.745,0.006382223532956843,0.00045710187720835545,2.6460659325053634e-05,1.4857151600521048e-06,0.11040878766471998,1030.9632375464082
114,0.44921875,0.032470000001400004,0.0010940555425,3.8284111499999996e-05,1.3924555000000002e-06,2.6035189910771,7579.191,0.006308284237060344,0.00044237098406423064,2.4720911026698976e-05,1.3098523936852562e-06,0.10903103295922298,1042.7641668309411
115,0.453125,0.032120000001199994,0.0010707777643,3.7071334e-05,1.3335981999999999e-06,2.5856395756575,7688.563,0.006254798181777118,0.00043268806695980877,2.3803633114492272e-05,1.23922434671784e-06,0.10826415861453938,1046.1704941039643
116,0.45703125,0.0318233333343,0.001051899986,3.61329269e-05,1.2903393e-06,2.5677108690574,7792.772,0.0062621617872435555,0.0004289855133116258,2.3391824829435544e-05,1.2092296586889368e-06,0.10592667990344554,1053.3555363228045
117,0.4609375,0.0315300000005,0.0010332110971,3.52101122e-05,1.2484667e-06,2.551835607073,7900.462,0.006253744514967337,0.0004255834041762423,2.3078798246828394e-05,1.1885506576949153e-06,0.10515355810245333,1067.096242588712
118,0.46484375,0.0312666666671,0.00101644443,3.438252e-05,1.2109662e-06,2.5348927777236,8018.647,0.006235293009067201,0.00042188104629521975,2.278399684755838e-05,1.1712014833888534e-06,0.10291377952755007,1072.3157396198367
119,0.46875,0.030953333333299998,0.0009969333184,3.3431038499999994e-05,1.1679252e-06,2.5186425996043997,8138.87,0.006234047824586501,0.0004173998080942243,2.235742259689394e-05,1.1434776537429888e-06,0.1015523061135437,1082.714447892737
120,0.47265625,0.03066,0.0009780666519,3.24973354e-05,1.1257943e-06,2.5018796450233998,8263.125,0.006170019111518475,0.00041151947829413054,2.1983930077293966e-05,1.1232465521667374e-06,0.10002592220887674,1098.6795320242795
121,0.4765625,0.030366666667099997,0.0009596444295999999,3.16038548e-05,1.0861319e-06,2.4844072101866,8393.683,0.006127605370591709,0.0004066679074057119,2.164629847717802e-05,1.1040860888372583e-06,0.09770578195069028,1101.8318137796068
122,0.48046875,0.030173333333700002,0.0009462888739,3.08692623e-05,1.0478267e-06,2.467105912644,8506.188,0.0059912218468153285,0.0003905320597190681,2.0179713739874306e-05,9.81127900027985e-07,0.09540912068509974,1113.9812129469685
123,0.484375,0.029873333333399997,0.0009277555401999999,2.9977262599999997e-05,1.0081617000000001e-06,2.4502249240558,8628.102,0.005947679045704657,0.0003841581145200217,1.9681190516750193e-05,9.501487736534658e-07,0.0930876149263744,1122.8732296594685
124,0.48828125,0.029673333333,0.0009157555401999999,2.9419707099999996e-05,9.844063e-07,2.4337873392824,8757.728,0.005940044495152084,0.0003820240826458067,1.9511964984638065e-05,9.403717051752484e-07,0.09210993326949236,1145.8225863611767
125,0.4921875,0.029443333333199997,0.0009017222064,2.87624854e-05,9.564162e-07,2.4169081407901998,8881.733,0.005903150995148528,0.0003787547807486005,1.9319135059604975e-05,9.310097955107121e-07,0.08937595984612826,1160.9746620305184
126,0.49609375,0.0290833333333,0.0008801666507,2.7762708e-05,9.138466999999999e-07,2.4008171486515,9020.699,0.005861804302076025,0.0003732167570872494,1.8923334808979323e-05,9.08399324813946e-07,0.087904994477932,1179.0089272136358
127,0.5,0.028759999999399998,0.0008601555393,2.67860044e-05,8.69039e-07,2.3850417641672004,9145.326,0.005749000487176704,0.0003595817110802613,1.7775891574259247e-05,8.233491583134678e-07,0.08666296757323086,1199.980258314421
128,0.50390625,0.028453333332499997,0.0008419999841,2.59485973e-05,8.333603e-07,2.3694875556903,9265.661,0.005695635392019922,0.0003528725566869561,1.7285881275696066e-05,7.935898326568998e-07,0.08544185507099143,1210.839248523422
129,0.5078125,0.028156666665300003,0.0008254555393999999,2.52348566e-05,8.050915999999999e-07,2.3531019336202,9399.017,0.005717549141238523,0.00035190512022501556,1.7144306547486553e-05,7.836975703619546e-07,0.08339235325767547,1224.786516386314
130,0.51171875,0.0279233333314,0.0008121222057,2.4640486e-05,7.805564e-07,2.33826500707,9541.915,0.005695798446039686,0.00034804319533711197,1.684446179111034e-05,7.658678867526688e-07,0.08201958701647835,1242.207365504614
131,0.515625,0.0277033333316,0.000799455539,2.4076264099999998e-05,7.575416e-07,2.3223579718451,9677.408,0.005657993523274334,0.0003442818107615742,1.661677838785461e-05,7.546229564596184e-07,0.08048056750742617,1250.2345595887161
132,0.51953125,0.0274933333315,0.0007875555388,2.35503753e-05,7.360549e-07,2.3068751910279004,9808.91,0.005630620010488314,0.0003404798046901704,1.6345603934846055e-05,7.391834789628094e-07,0.07934450033278889,1259.153349301449
133,0.5234375,0.0272499999986,0.0007738110945,2.2948560899999997e-05,7.11846e-07,2.2919075553207,9943.392,0.005592842841248307,0.0003364147001106243,1.608653002137969e-05,7.25791116857536e-07,0.07777015822012516,1285.6435344346569
134,0.52734375,0.026996666664700002,0.0007595222055999999,2.231819e-05,6.860576e-07,2.2767537554437998,10079.354,0.0055437301612681796,0.0003305937114211116,1.569323327553568e-05,7.046529142434538e-07,0.07740769762326227,1299.4424032034824
135,0.53125,0.026776666664699997,0.0007477222057999999,2.1826189900000002e-05,6.671694e-07,2.2604986456931,10222.471,0.005546449999376521,0.0003289201031526723,1.55582931944636e-05,6.975565515183743e-07,0.07604530568402629,1312.6449382422081
136,0.53515625,0.0264933333311,0.0007318222055999999,2.11334861e-05,6.393821e-07,2.245458037593,10369.038,0.005473158742898094,0.00032236917811454,1.5164814305571941e-05,6.77807590677155e-07,0.07435072311848676,1323.3917244006816
137,0.5390625,0.0262266666642,0.0007166666498,2.0455412e-05,6.109467e-07,2.2316007493615997,10528.742,0.005371915836213229,0.00031214257916812677,1.4436609308994837e-05,6.329263348403548e-07,0.07433163718869129,1350.9940489714804
138,0.54296875,0.0259766666647,0.0007030110943,1.9875523400000002e-05,5.882393e-07,2.2161386110304,10671.434,0.005315275364973249,0.0003067716900461488,1.410870534952275e-05,6.163768826838151e-07,0.07257680982401042,1370.6444381457286
139,0.546875,0.0257266666649,0.0006894666498999999,1.93083014e-05,5.66462e-07,2.2013449339654,10827.672,0.005256702565834925,0.0003019753749387647,1.384152899764728e-05,6.039379151546634e-07,0.07221395334664817,1382.6896003611755
140,0.55078125,0.025566666664799998,0.0006809555387,1.8961412599999997e-05,5.536312e-07,2.1857058859477,10996.504,0.005227661006962796,0.0003000348486417896,1.375284833743373e-05,6.005590258501577e-07,0.07063014263396038,1401.4357081322094
141,0.5546875,0.0253266666644,0.0006683555389,1.84478566e-05,5.343696999999999e-07,2.1711455991642,11155.98,0.005190612065234631,0.0002962405885468123,1.35306762840473e-05,5.902636779960896e-07,0.07033049567182557,1425.868053259244
142,0.55859375,0.025143333331000002,0.0006585888725,1.8046264e-05,5.192862e-07,2.1560460134699,11314.309,0.00514082735843802,0.0002926309132500895,1.3356956230224005e-05,5.834421993218433e-07,0.06914764365432331,1437.9525308576776
143,0.5625,0.024943333330799997,0.0006478333169000001,1.75938194e-05,5.015873e-07,2.1410858285166,11482.62,0.005068445988927751,0.0002863245209607903,1.2967787863448999e-05,5.624983096303907e-07,0.06833069650772323,1459.1271890256019
144,0.56640625,0.0246899999976,0.0006340555394,1.70036709e-05,4.780196e-07,2.1268487340584,11654.493,0.004948124850266369,0.00027580699316611626,1.2349429911188402e-05,5.322547534013748e-07,0.06732931459329716,1478.6759078281455
145,0.5703125,0.0244466666645,0.0006209333176999999,1.6452745000000002e-05,4.5670249999999997e-07,2.1120057024405,11826.86,0.0048287823924413175,0.0002668618216683643,1.188018839050074e-05,5.113916932329441e-07,0.06687243562516339,1495.648665740498
146,0.57421875,0.0242566666641,0.0006111666511,1.60661891e-05,4.427449e-07,2.0974969292374,12012.027,0.004775310723842901,0.00026322881409161075,1.1711316306326887e-05,5.049154718838967e-07,0.06561320371939688,1523.37726665707
147,0.578125,0.0240666666642,0.0006013777626,1.56634111e-05,4.26768e-07,2.0826302162320998,12184.754,0.0047112131013919084,0.00025529952259105253,1.1015400368168086e-05,4.506593192623866e-07,0.06382918935970756,1532.958859966684
148,0.58203125,0.0238466666644,0.0005900444297,1.52051885e-05,4.095211e-07,2.0681829298182,12361.107,0.004626265846904561,0.0002478497030714359,1.0577600222228057e-05,4.2878727650582577e-07,0.06308460286613732,1552.9986781853506
149,0.5859375,0.0236733333313,0.0005816888747999999,1.48925955e-05,3.987293e-07,2.0543017892072997,12535.413,0.004613400183182509,0.00024581874749932635,1.0441837954385973e-05,4.2189410992748096e-07,0.061781408879283344,1575.2835296001892
150,0.58984375,0.0234766666644,0.0005722999863,1.45448539e-05,3.8685469999999995e-07,2.0400093329295,12720.301,0.004600792270196144,0.000243692013376699,1.0300987535711113e-05,4.1481335441003667e-07,0.06158750088396844,1588.3145732450432
151,0.59375,0.0232666666641,0.0005614666533,1.41098534e-05,3.7075059999999996e-07,2.0250093500241,12913.263,0.004488767973610575,0.0002357124733401104,9.896083141745362e-06,3.972456778471079e-07,0.060012983872965484,1617.915058019416
152,0.59765625,0.0230266666641,0.0005493555425999999,1.3635852999999999e-05,3.53696e-07,2.0109104935781,13083.367,0.0043757656577977505,0.00022793746619360317,9.514444867176516e-06,3.811986089736994e-07,0.059496551743916284,1629.621937742301
153,0.6015625,0.0228566666637,0.0005406110982,1.32879637e-05,3.409987e-07,1.9970767718109,13280.448,0.004266392162645091,0.00022087623619002005,9.175331187289576e-06,3.669353593294549e-07,0.058268252275629866,1647.6749029714206
154,0.60546875,0.0226999999975,0.0005329999876,1.3002445099999999e-05,3.312004e-07,1.9825789385285,13460.353,0.0042104308222012,0.00021715757904739,9.00646101626679e-06,3.605793949463835e-07,0.057870740231339764,1676.2769313993867
155,0.609375,0.0225366666647,0.0005258110996,1.27581851e-05,3.2358490000000003e-07,1.9687618336525,13659.495,0.004234110807724262,0.00021714721272474323,8.969646416478445e-06,3.583502190895263e-07,0.05711297230402124,1694.6258415112513
156,0.61328125,0.0222866666653,0.0005141111004,1.23345178e-05,3.0949379999999997e-07,1.9550024853194,13844.296,0.004175288373157839,0.00021266545044306898,8.745638122738507e-06,3.490007135230521e-07,0.05578540467598559,1714.9340994187933
157,0.6171875,0.022069999998899997,0.0005037222122,1.1945221e-05,2.959936e-07,1.9423330711409001,14037.015,0.004080928345016069,0.00020566284177387086,8.40283698347587e-06,3.352721504896195e-07,0.05469580636605082,1740.3294680698914
158,0.62109375,0.021863333333,0.0004942333244,1.16067019e-05,2.848236e-07,1.9287943493003,14247.339,0.004030413511771919,0.0002014804545418329,8.175741149223442e-06,3.2508895328908146e-07,0.054115734659710105,1767.08984508417
159,0.625,0.021656666666900002,0.00048392221400000003,1.1201072099999999e-05,2.699318e-07,1.9149849743729002,14450.513,0.003863410022190213,0.00018916418040602968,7.533213948713305e-06,2.9689962451272284e-07,0.053423325438070525,1783.804973649031
160,0.62890625,0.0214633333343,0.00047532221479999997,1.09042567e-05,2.605095e-07,1.9017895059755998,14671.604,0.0038291260880827624,0.00018603346891444042,7.3797409358279686e-06,2.912639580054199e-07,0.05331618496161655,1815.24352312086
161,0.6328125,0.0213033333351,0.0004684333268,1.06733674e-05,2.5333e-07,1.887649374887,14875.713,0.0038230796625744225,0.00018419813262504845,7.2525733442696865e-06,2.848867848465073e-07,0.0523161433287593,1831.3539788984071
162,0.63671875,0.0211600000019,0.00046208888279999997,1.0454885599999999e-05,2.464034e-07,1.8738138334535,15107.284,0.0037891485165557934,0.00018139675905759194,7.123344529925859e-06,2.8036625575451464e-07,0.05110654246255285,1855.2837133444048
163,0.640625,0.020970000002700002,0.0004535888837,1.0158996e-05,2.368846e-07,1.8607523805327,15340.68,0.003723150638802975,0.00017654086636621874,6.890067478080057e-06,2.7148121277858575e-07,0.049595145904989965,1880.904486487096
164,0.64453125,0.020770000002899996,0.00044496666219999995,9.8647731e-06,2.2729e-07,1.8475539573275,15568.84,0.003686102814377105,0.00017122298902732638,6.440230991575632e-06,2.3738527854622845e-07,0.048131551671693716,1905.4270473131835
165,0.6484375,0.020566666670299997,0.0004354888853,9.508291299999999e-06,2.143648e-07,1.8339244600783,15790.282,0.003537460200655283,0.00015726232441866535,5.47700335085707e-06,1.7702421448342438e-07,0.046814978510927634,1931.249213333173
166,0.65234375,0.0203533333375,0.00042586666369999997,9.171031499999999e-06,2.034925e-07,1.8214456593152,16007.984,0.003408828087805248,0.00014880916087336795,5.081756511711484e-06,1.6099198014628357e-07,0.04489236273064163,1961.8172618041444
167,0.65625,0.020146666671700002,0.0004174444427,8.9080676e-06,1.960385e-07,1.8084202384438999,16250.784,0.0034011519271269584,0.00014761878364109615,5.019452451399662e-06,1.5860317567780625e-07,0.044303782643868285,1988.200163271604
168,0.66015625,0.0200033333388,0.000411588888,8.7229194e-06,1.906732e-07,1.7959062482158,16494.701,0.0033862975933440335,0.00014587474664834937,4.930348558275545e-06,1.550976918454165e-07,0.043897807601250095,2030.648807691567
169,0.6640625,0.0198200000061,0.00040402222240000003,8.4795485e-06,1.834137e-07,1.7826097809177,16733.495,0.0033467929693693746,0.00014208954503844214,4.712196043994221e-06,1.444181190689916e-07,0.042747998966557496,2056.2302562801265
170,0.66796875,0.0196400000064,0.0003966444453,8.245547799999999e-06,1.7660939999999999e-07,1.7698788368059999,16989.565,0.0033054152759237187,0.0001388911173993218,4.562048840617485e-06,1.3865127149336466e-07,0.04189204295089697,2082.0703443192524
171,0.671875,0.019490000007399998,0.0003906555576,8.0634361e-06,1.716135e-07,1.7571605624686,17271.912,0.0032872879019656184,0.00013787167623710247,4.523975682627377e-06,1.3746758557869137e-07,0.040952319426899385,2117.410492901991
172,0.67578125,0.019306666674199998,0.0003832000029,7.8276211e-06,1.6473989999999999e-07,1.7439932628904,17539.618,0.003234669263656953,0.00013380233974261477,4.328451496958967e-06,1.2954307989058127e-07,0.04033889229661329,2135.873975147811
173,0.6796875,0.0191366666746,0.000376611115,7.630843099999999e-06,1.59374e-07,1.7312140942896999,17819.413,0.003226377140425712,0.00013244800253042947,4.257907958784204e-06,1.2680721080724352e-07,0.0393802710395539,2175.8696438753277
174,0.68359375,0.018916666675599998,0.0003681444497,7.380398099999999e-06,1.526175e-07,1.7190858819701,18108.681,0.0032116165861182074,0.00013072811508310858,4.168574466811375e-06,1.2319752998800403e-07,0.03905953833875085,2224.82086900005
175,0.6875,0.018740000008900002,0.0003614000061,7.181768299999999e-06,1.472733e-07,1.7069656074761002,18385.601,0.0031972836245272845,0.00012909384029889318,4.0917200515657826e-06,1.2047436453295617e-07,0.038574926638364676,2263.618861060127
176,0.69140625,0.018583333342699997,0.0003553444515,7.0015829e-06,1.423815e-07,1.6948634566917,18688.831,0.0031645190482056584,0.00012693495846393107,4.0005064816154255e-06,1.1723979109656565e-07,0.03759376596058226,2313.018832729115
177,0.6953125,0.018390000009599998,0.0003479000078,6.7796564e-06,1.36301e-07,1.6828354538904,19003.967,0.003117309349073837,0.00012355430576595772,3.845493037247441e-06,1.1131574917780061e-07,0.036778500495410864,2344.294257869194
178,0.69921875,0.0182466666762,0.00034251111969999995,6.6233973e-06,1.3216430000000002e-07,1.6713827646109,19312.808,0.0030951327081439246,0.0001218560012797411,3.774591609883658e-06,1.0898068629576294e-07,0.03634179804242044,2396.952093487576
179,0.703125,0.0180800000098,0.00033622223169999996,6.4404342e-06,1.272965e-07,1.6589506107533,19636.623,0.0030569866476821933,0.00011936652850855168,3.668916344919351e-06,1.0519918995561376e-07,0.035725572975618736,2445.465690070568
180,0.70703125,0.017886666676099998,0.000329266677,6.2471753e-06,1.223838e-07,1.6465905323213001,19927.229,0.0030566591848180565,0.00011816974839485232,3.6057588660807925e-06,1.0293369838796153e-07,0.03465900845514834,2461.538740204697
181,0.7109375,0.0177600000092,0.0003245777886,6.112434699999999e-06,1.1881480000000001e-07,1.6350705597966,20273.107,0.0030280929831418284,0.0001160183339507377,3.5073881095734324e-06,9.923077389322044e-08,0.034457100445390104,2518.613220028655
182,0.71484375,0.0175966666753,0.00031872223360000004,5.950397899999999e-06,1.147068e-07,1.622606977865,20619.337,0.0030147359872085195,0.00011453718419251773,3.436542598889119e-06,9.66643356546123e-08,0.033214092378537195,2545.030510569712
183,0.71875,0.017420000008199998,0.0003124666788,5.77888e-06,1.10384e-07,1.6115176380340999,20937.483,0.0030032126063496757,0.00011288928030190889,3.3531668640642204e-06,9.344841030958947e-08,0.03316730834700975,2597.9369118415693
184,0.72265625,0.017263333340999998,0.0003067889016,5.6184732e-06,1.061816e-07,1.6002468529792,21279.319,0.0029622603046899217,0.00010980415491968902,3.2069876787436157e-06,8.765758880048158e-08,0.03264429699909795,2635.3301281097833
185,0.7265625,0.0170966666737,0.00030083334680000004,5.4535110999999996e-06,1.01976e-07,1.5890012994583,21615.853,0.002923331681121212,0.00010709650405573009,3.0886957473513765e-06,8.33329084914095e-08,0.031728655178300105,2696.538085218904
186,0.73046875,0.0168866666737,0.0002932000145,5.239844599999999e-06,9.650950000000001e-08,1.5774209102899,21955.828,0.002836994441919111,0.00010264572732146436,2.9187219041567904e-06,7.75197194696721e-08,0.03086883829132196,2722.66177252033
187,0.734375,0.0167933333396,0.00029013334810000003,5.1630305e-06,9.476989999999999e-08,1.5663935026352,22318.632,0.0028505112429337773,0.00010288743692411305,2.919954692762805e-06,7.745353428968861e-08,0.029945665655498728,2758.956420298282
188,0.73828125,0.0165333333385,0.0002811555712,4.9219206999999995e-06,8.87824e-08,1.5553654631091,22695.828,0.002795041459188183,9.862408454463244e-05,2.722250064184674e-06,6.968823071179051e-08,0.029252449290060458,2800.9083165669344
189,0.7421875,0.016356666670599998,0.0002753000161,4.7719589e-06,8.526190000000001e-08,1.5440290134442,23081.398,0.002786973778801449,9.728786317644871e-05,2.658553538565324e-06,6.744290194982278e-08,0.028653786573783615,2861.0022522681575
190,0.74609375,0.0161900000027,0.0002696555721,4.6243303e-06,8.17201e-08,1.5331632797752,23484.834,0.002747180851160106,9.486411082620366e-05,2.5604532348941647e-06,6.407536498833536e-08,0.02794456417452608,2907.719693206045
191,0.75,0.015950000000699998,0.0002617222395,4.4238878e-06,7.71273e-08,1.522178248777,23876.3,0.0027068522960812945,9.285778527302203e-05,2.4914713879007076e-06,6.207793452318358e-08,0.027253195311917108,2930.97782164775
192,0.75390625,0.0157999999993,0.0002568222399,4.301778e-06,7.43729e-08,1.5112381792044,24292.671,0.002681307837657722,9.170343186391506e-05,2.45426447754551e-06,6.10531788380936e-08,0.026933703833938744,3019.5617227930215
193,0.7578125,0.0156366666648,0.0002514777958,4.166408699999999e-06,7.122399999999999e-08,1.5006213298506,24715.826,0.0026418578378968466,8.931627502842905e-05,2.362779329305491e-06,5.810203809532703e-08,0.026223575978847127,3057.2641838764944
194,0.76171875,0.015496666663799999,0.0002467889072,4.0448539e-06,6.8327e-08,1.4903375262179,25172.008,0.0025785383574630926,8.611974304743084e-05,2.2441072722341254e-06,5.4161898436467686e-08,0.02570416654409997,3096.4952292294333
195,0.765625,0.015359999995799999,0.0002425777962,3.9453366e-06,6.6189e-08,1.4793831029919,25648.508,0.0025796962420565777,8.567467936704665e-05,2.223305084143338e-06,5.3509013759866216e-08,0.024995766315541807,3165.255982281583
196,0.76953125,0.015189999994999998,0.00023730001849999997,3.8178928000000005e-06,6.33521e-08,1.469227319974,26118.508,0.0025632929133817565,8.38815553051188e-05,2.1471481391137086e-06,5.095481595353732e-08,0.02421805949976927,3260.213152500269
197,0.7734375,0.015013333326599999,0.0002317555742,3.6828203e-06,6.0316e-08,1.4588766608065,26589.483,0.0025222489182841054,8.124896908129619e-05,2.0413735602065145e-06,4.735147121078527e-08,0.023594892919503046,3299.0197533576634
198,0.77734375,0.0148299999917,0.0002259444634,3.5412292e-06,5.7172000000000004e-08,1.4485800553161001,27063.32,0.0024538879555714675,7.821489934304273e-05,1.945091074720234e-06,4.467707126364368e-08,0.023188508862545754,3350.2251530570575
199,0.78125,0.0146699999904,0.0002211889078,3.4323415e-06,5.4896e-08,1.438635353764,27600.332,0.0024466252161682153,7.725753965906205e-05,1.9073001335519261e-06,4.356045887703176e-08,0.022345609414534832,3399.740675763141
200,0.78515625,0.014476666655499999,0.00021543335220000002,3.300417e-06,5.21376e-08,1.4286789425408999,28122.403,0.002421842471306423,7.565845989402535e-05,1.8525037101304399e-06,4.205098514412704e-08,0.0217541510466925,3468.6974660096407
201,0.7890625,0.0143199999878,0.00021082224099999998,3.1955661e-06,4.99552e-08,1.4191759268263,28619.575,0.002401163860381776,7.42151814811725e-05,1.8017002118760663e-06,4.0627162333582654e-08,0.021531753990984857,3522.9348049623386
202,0.79296875,0.0141699999867,0.00020665557400000002,3.1067893e-06,4.82368e-08,1.4096251368398,29186.141,0.002423329971516594,7.436396082909565e-05,1.7974380979637435e-06,4.044422704492279e-08,0.02104562313902846,3578.0959631961873
203,0.796875,0.014029999986,0.000202566685,3.0139011e-06,4.629e-08,1.3995860633669,29774.4,0.002394054766931424,7.250391021841521e-05,1.7305259355185315e-06,3.847247368224754e-08,0.020529893016392655,3621.848433061777
204,0.80078125,0.0138933333192,0.0001986444626,2.9257161e-06,4.44476e-08,1.3898973908353,30348.238,0.002371783875042702,7.062640310512957e-05,1.6576293403535038e-06,3.625189780320934e-08,0.019695898174313196,3710.439172687003
205,0.8046875,0.013776666652099999,0.0001951222404,2.8428646999999998e-06,4.26496e-08,1.3803940714237999,30947.952,0.0023088977545287184,6.765321292442692e-05,1.5599364461797882e-06,3.3470192614229664e-08,0.019484921083421144,3770.449061029445
206,0.80859375,0.013603333318,0.0001903000178,2.7393839e-06,4.0620400000000004e-08,1.3710346712927999,31553.818,0.0022922863791933474,6.638511794642232e-05,1.5169434557882658e-06,3.235971345508014e-08,0.018914118728787583,3828.2355811183456
207,0.8125,0.013449999984,0.000186055573,2.6487919000000002e-06,3.8854e-08,1.3617799337201,32171.788,0.002271170140254526,6.510419932079188e-05,1.4759947746178134e-06,3.133351677155427e-08,0.018290347799955815,3874.9055224435965
208,0.81640625,0.0132333333165,0.00018002223919999998,2.5183853000000004e-06,3.62556e-08,1.3526473526763,32807.572,0.0022149530815216457,6.204377209809976e-05,1.3706503622037667e-06,2.8263189425762213e-08,0.01756199264917422,3960.467395751267
209,0.8203125,0.01308666665,0.00017617779420000003,2.4405333e-06,3.48096e-08,1.3434355659439,33466.182,0.0022185254577173266,6.142528367914398e-05,1.3424059048792074e-06,2.743985228337305e-08,0.017176524851930674,4056.962178896542
210,0.82421875,0.012899999983399999,0.0001713777934,2.3457925e-06,3.31068e-08,1.3344547554202,34112.681,0.0022299664877239588,6.114798444668777e-05,1.3256499467110327e-06,2.6951383096435148e-08,0.016576592198097016,4094.587583960286
211,0.828125,0.012726666650100001,0.0001667777928,2.2514221e-06,3.13308e-08,1.3255430124395,34842.035,0.002194207802526616,5.931960733561546e-05,1.268363300976836e-06,2.5494785259645468e-08,0.015907287240774694,4212.325291348604
212,0.83203125,0.0125799999834,0.0001628666812,2.1704592e-06,2.97832e-08,1.3164937913717,35538.97,0.0021482275346270605,5.7102305603540774e-05,1.1944661984646685e-06,2.334832375101009e-08,0.015510406554999818,4292.971394558142
213,0.8359375,0.012419999983600001,0.0001586889028,2.0862368e-06,2.8226799999999998e-08,1.3078288524761998,36299.859,0.0021064011487891055,5.520687231750294e-05,1.1370312443096256e-06,2.188906605986132e-08,0.015003500181069265,4424.887549186075
214,0.83984375,0.0122499999842,0.000154388902,2.0025696000000004e-06,2.6738799999999998e-08,1.2987041974611,37089.096,0.002081038103238759,5.3908383160552866e-05,1.0955547324198681e-06,2.0805626370014634e-08,0.014231782131660587,4571.807555563673
215,0.84375,0.0120733333179,0.0001498222346,1.9114952e-06,2.50744e-08,1.2902764191624998,37860.3,0.0020151688071519494,5.129322911542546e-05,1.0203791133848203e-06,1.8929100757708895e-08,0.013844655103636536,4672.68117051884
216,0.84765625,0.0119366666515,0.0001463000118,1.8415320000000001e-06,2.3802400000000002e-08,1.2816335094793,38684.816,0.0019544330798549766,4.901067527987438e-05,9.56662457188006e-07,1.7361197119018197e-08,0.013295289511086234,4796.387455029329
217,0.8515625,0.0117999999856,0.0001429777888,1.7800128000000002e-06,2.27728e-08,1.2729921154608002,39531.654,0.0019343007160182925,4.830648660624651e-05,9.388394680364178e-07,1.697452310359835e-08,0.012913113930537526,4923.978568314982
218,0.85546875,0.011653333319899999,0.0001393555658,1.7112712e-06,2.158e-08,1.2645468387942,40462.447,0.0018865144250076612,4.651000846192398e-05,8.866903233599092e-07,1.5609629737458237e-08,0.012410968186861526,5002.616591139971
219,0.859375,0.0115133333212,0.000136066676,1.6528256000000002e-06,2.06488e-08,1.25604564422,41364.397,0.0018743893725154633,4.623451508655748e-05,8.818405558549639e-07,1.552994777318448e-08,0.011776113295779963,5118.773519871601
220,0.86328125,0.0113833333219,0.0001329000086,1.5940472e-06,1.96624e-08,1.2476768048829001,42351.917,0.0018229221672218647,4.475407389432993e-05,8.49191123161221e-07,1.488295698605115e-08,0.011324452887948104,5267.410279365198
221,0.8671875,0.011263333322999999,0.0001300777856,1.543824e-06,1.8860800000000002e-08,1.2391172578871001,43329.793,0.0017939671903819286,4.408311271980668e-05,8.373931768749233e-07,1.4695788156800218e-08,0.011024488688640881,5497.2492582707755
222,0.87109375,0.011143333324,0.00012727778480000002,1.4940454e-06,1.8062399999999998e-08,1.2309239229999,44349.7,0.0017626704086194768,4.318934869776744e-05,8.192456681506612e-07,1.4372466525757995e-08,0.010626349611507725,5683.0233221481785
223,0.875,0.0109533333248,0.0001226444504,1.4074892e-06,1.6594399999999998e-08,1.2230000859696,45483.972,0.0016345044807562579,3.943608542166177e-05,7.370016541647664e-07,1.277097437263213e-08,0.010144442066786712,5818.097055787792
224,0.87890625,0.010783333325999999,0.00011858889379999999,1.3331549e-06,1.53524e-08,1.2151243480265,46560.267,0.001520171698684847,3.593295378781376e-05,6.545347062743946e-07,1.0966257020197596e-08,0.00973796706624716,5960.116806410511
225,0.8828125,0.0106766666603,0.0001160333376,1.2864133e-06,1.4576e-08,1.2073249656342,47703.706,0.001429743456891586,3.337734106764247e-05,5.948435300129843e-07,9.586897966110446e-09,0.009371079806456191,6102.857292342226
226,0.88671875,0.0105399999947,0.0001129333366,1.2322274e-06,1.3713600000000001e-08,1.1995616051301,49018.799,0.0013577838099633533,3.100158041625371e-05,5.415179739078889e-07,8.536704889497489e-09,0.009182096750153286,6299.1695240953995
227,0.890625,0.010459999995500001,0.0001111777804,1.2026713e-06,1.32632e-08,1.1917105003644,50324.197,0.0013296411882101644,3.006431373553444e-05,5.223689256845499e-07,8.213868357442396e-09,0.008645229768615032,6513.238614040976
228,0.89453125,0.0103533333299,0.00010893333500000001,1.1661522e-06,1.27216e-08,1.1839565839968,51687.25,0.0013204414998033214,2.9255201702922035e-05,5.023216756232611e-07,7.849164466541826e-09,0.008265201071521473,6679.729011956484
229,0.8984375,0.010199999998000002,0.00010568888920000002,1.1128922e-06,1.1921599999999999e-08,1.1763310817074,53020.318,0.001284733200048328,2.7415298801985112e-05,4.5750537160147546e-07,6.982518815514141e-09,0.007890182229434533,6832.921509957313
230,0.90234375,0.0101033333323,0.0001036777772,1.0804842999999999e-06,1.14448e-08,1.1687374320763,54442.636,0.0012657153458267498,2.6371226499191715e-05,4.326652043353528e-07,6.531500092126875e-09,0.007376758872886591,7044.3203594691
231,0.90625,0.009970000000300001,0.00010114444240000001,1.0430025e-06,1.09344e-08,1.1612803569365,56020.265,0.0013210941296034992,2.6518320064913374e-05,4.223765844395648e-07,6.245265405087277e-09,0.006948912203126064,7331.269638561134
232,0.91015625,0.0098366666683,9.869999640000001e-05,1.0081875e-06,1.04784e-08,1.1538186696328998,57643.214,0.0013935317652891816,2.711036088828254e-05,4.198307562788458e-07,6.0745265917035284e-09,0.0065973884176969595,7517.8042314672375
233,0.9140625,0.0097266666694,9.66666618e-05,9.789651e-07,1.0091999999999999e-08,1.1464360093606,59378.51,0.0014355078766463438,2.729817702953949e-05,4.133518078211571e-07,5.8698203371816035e-09,0.006296404736831537,7690.714785884204
234,0.91796875,0.0095966666707,9.4344438e-05,9.468538999999999e-07,9.684800000000001e-09,1.1391198202414001,61183.854,0.001500227973455037,2.794229230574354e-05,4.137368965470136e-07,5.757141098985993e-09,0.005777209751631624,7897.9759829535715
235,0.921875,0.0093966666727,9.074443560000001e-05,8.966315e-07,9.0416e-09,1.1320720749541002,63079.349,0.0015651036708661064,2.8331418198564544e-05,4.056407155203208e-07,5.458518559542036e-09,0.005441071003444557,8245.429457350003
236,0.92578125,0.0092133333412,8.75111e-05,8.525943999999999e-07,8.4928e-09,1.1250897184361,65125.403,0.0016211811051402196,2.879332150885118e-05,4.021795172466305e-07,5.26457442761558e-09,0.004957574093872711,8606.858734513235
237,0.9296875,0.0090133333432,8.402220860000002e-05,8.057054999999999e-07,7.9176e-09,1.1181347550976,67160.516,0.0016687807579252522,2.9171817113140716e-05,3.985257697425586e-07,5.076922826416155e-09,0.0046659350808199215,8842.741216498758
238,0.93359375,0.0088133333452,8.057776160000001e-05,7.6015e-07,7.3696e-09,1.1112565393074,69403.838,0.0017046521974845947,2.9471773019107848e-05,3.9609198123364947e-07,4.937442067930938e-09,0.004425018631751156,9265.435044849559
239,0.9375,0.008600000014,7.688886999999999e-05,7.11113e-07,6.776e-09,1.1045615427584001,71802.756,0.001712256012096927,2.9229891133426627e-05,3.8523493544392687e-07,4.670464349209534e-09,0.004065590857634477,9732.802762209452
240,0.94140625,0.0083833333495,7.32110894e-05,6.633724e-07,6.215200000000001e-09,1.0979228667221,74362.078,0.0017128242880571323,2.9052796512718316e-05,3.789547918320765e-07,4.522129876354573e-09,0.003787010361539105,10054.731102394406
241,0.9453125,0.0081566666851,6.93888642e-05,6.141874e-07,5.644000000000001e-09,1.0914679549521,77193.811,0.0016913125846167844,2.8570028354855287e-05,3.70126588064722e-07,4.369113543174766e-09,0.0035879760517189573,10487.626516387114
242,0.94921875,0.0079300000207,6.5566639e-05,5.650024e-07,5.0728e-09,1.0850565211,80145.438,0.0016384294504480281,2.755322115773411e-05,3.5431268183731545e-07,4.132245831943641e-09,0.0033993641935579437,11038.73424038217
243,0.953125,0.007723333356099999,6.20999696e-05,5.207063e-07,4.5632e-09,1.0786026064586,83439.438,0.0015660698413441682,2.627885004268494e-05,3.36681709755659e-07,3.902506286390236e-09,0.0032565935629627098,11600.48941954299
244,0.95703125,0.0075100000249,5.84999668e-05,4.743361e-07,4.024e-09,1.072204890089,87116.038,0.001449828251884327,2.4163823770753704e-05,3.0607324531603266e-07,3.4795878393182637e-09,0.0031019058961018276,12286.553212614284
245,0.9609375,0.0073466666932,5.5777742399999994e-05,4.398548e-07,3.6320000000000003e-09,1.0657258491261,91019.548,0.001343902043783184,2.2398385539064152e-05,2.837111633001797e-07,3.225364937333293e-09,0.0029555111801824667,12968.051879879846
246,0.96484375,0.0072066666946,5.34444072e-05,4.102994e-07,3.296e-09,1.0592706483514,95419.088,0.0012287839027720511,2.047974830145037e-05,2.59408572308293e-07,2.949081396143736e-09,0.0027320705239943007,13786.277452171205
247,0.96875,0.0071166666955,5.1944406e-05,3.912995e-07,3.08e-09,1.0527325153329,100332.686,0.0011396485303912008,1.8994157558441982e-05,2.4059120365679844e-07,2.735156500290445e-09,0.002538726068824704,14585.26584300453
248,0.97265625,0.0070166666964999996,5.0277738e-05,3.701885e-07,2.8400000000000005e-09,1.0462287980727,106358.821,0.0010223560327209768,1.7039281013822852e-05,2.158295842260213e-07,2.4536545030668882e-09,0.002277417534131228,15938.299355806892
249,0.9765625,0.006930000030699999,4.88332924e-05,3.5189230000000004e-07,2.632e-09,1.0397000429591001,112730.976,0.0008995791014271019,1.4992997168103015e-05,1.8991014600137686e-07,2.1589898650149425e-09,0.002014959818728314,17627.96541862459
250,0.98046875,0.0068266666984,4.7111068799999996e-05,3.3007760000000003e-07,2.384e-09,1.0331988339949998,120287.167,0.0007129106288612974,1.1881853438648535e-05,1.5050256436393402e-07,1.7109855263769698e-09,0.0016690721346679992,19256.131914364694
251,0.984375,0.0067966666987000005,4.66110684e-05,3.2374430000000005e-07,2.312e-09,1.0265663345012999,128701.13,0.0006456393538035351,1.0760664612856952e-05,1.3630092534447365e-07,1.5495344646238291e-09,0.0014317393666538536,21068.962524979223
252,0.98828125,0.0067366666992999995,4.56110676e-05,3.110777e-07,2.1680000000000004e-09,1.0199942376913,139929.751,0.00047818614655322476,7.969775564733454e-06,1.0094987840835001e-07,1.1476467632042075e-09,0.0009563074654099199,23830.344124037914
253,0.9921875,0.0066866666998,4.4777733599999996e-05,3.0052220000000003e-07,2.048e-09,1.0133826859274,155182.507,0.00025755193328661516,4.292535698394718e-06,5.4371789179855146e-08,6.181246460691225e-10,0.0005168149514919472,27531.01274302504
254,0.99609375,0.0066666667,4.44444e-05,2.963e-07,2.0000000000000005e-09,1.0067114094,177272.995,0.0,0.0,0.0,0.0,0.0,35233.28445573181
255,1.0,0.0066666667,4.44444e-05,2.963e-07,2.0000000000000005e-09,1.0,224363.864,0.0,0.0,0.0,0.0,0.0,58328.13889939374
